month,category,revenue,units,cogs,gross_margin,marketing,distribution,overheads,ebitda
2023-10,Beverages,3137504.0,58486,1727140.0,1410364.0,251000.0,188250.0,313750.0,657364.0
2023-10,Confectionery,645548.24,77302,345385.0,300163.0,51644.0,38733.0,64555.0,145231.0
2023-10,Dairy,2086066.0,29119,1232041.0,854025.0,166885.0,125164.0,208607.0,353369.0
2023-10,MouthFreshener,5129094.0,90262,2860532.0,2268562.0,410328.0,307746.0,512909.0,1037579.0
2023-10,Snacks,1311076.4,43235,754499.0,556577.0,104886.0,78665.0,131108.0,241918.0
2023-10,Spices,6362549.0,36603,3412004.0,2950545.0,509004.0,381753.0,636255.0,1423533.0
2023-11,Beverages,1962116.2,36724,1084490.0,877626.0,156969.0,117727.0,196212.0,406718.0
2023-11,Confectionery,380240.0,45561,203567.0,176673.0,30419.0,22814.0,38024.0,85416.0
2023-11,Dairy,1704417.0,23873,1010080.0,694337.0,136353.0,102265.0,170442.0,285277.0
2023-11,MouthFreshener,2886610.0,50628,1604474.0,1282136.0,230929.0,173197.0,288661.0,589349.0
2023-11,Snacks,1057474.0,35030,611312.0,446162.0,84598.0,63448.0,105747.0,192369.0
2023-11,Spices,5429239.0,31220,2910219.0,2519020.0,434339.0,325754.0,542924.0,1216003.0
2023-12,Beverages,1534211.0,28758,849248.0,684963.0,122737.0,92053.0,153421.0,316752.0
2023-12,Confectionery,400578.06,48231,215496.0,185082.0,32046.0,24035.0,40058.0,88943.0
2023-12,Dairy,1782603.2,24950,1055648.0,726955.0,142608.0,106956.0,178260.0,299131.0
2023-12,MouthFreshener,2822144.0,49832,1579247.0,1242897.0,225772.0,169329.0,282214.0,565582.0
2023-12,Snacks,1077398.64,35973,627769.0,449630.0,86192.0,64644.0,107740.0,191054.0
2023-12,Spices,6478565.0,37124,3460569.0,3017996.0,518285.0,388714.0,647856.0,1463141.0
2024-01,Beverages,1758474.2,32831,969527.0,788947.0,140678.0,105508.0,175847.0,366914.0
2024-01,Confectionery,462506.8,55651,248649.0,213858.0,37001.0,27750.0,46251.0,102856.0
2024-01,Dairy,2392555.5,33420,1414019.0,978536.0,191404.0,143553.0,239256.0,404323.0
2024-01,MouthFreshener,3017093.3,53211,1686333.0,1330760.0,241367.0,181026.0,301709.0,606658.0
2024-01,Snacks,1296895.96,43180,753539.0,543357.0,103752.0,77814.0,129690.0,232101.0
2024-01,Spices,8974799.0,51587,4808760.0,4166039.0,717984.0,538488.0,897480.0,2012087.0
2024-02,Beverages,1575364.0,29294,865076.0,710288.0,126029.0,94522.0,157536.0,332201.0
2024-02,Confectionery,384963.0,46305,206891.0,178072.0,30797.0,23098.0,38496.0,85681.0
2024-02,Dairy,2013242.0,28129,1190154.0,823088.0,161059.0,120795.0,201324.0,339910.0
2024-02,MouthFreshener,2425355.8,42639,1351291.0,1074065.0,194028.0,145521.0,242536.0,491980.0
2024-02,Snacks,971723.52,32367,564840.0,406884.0,77738.0,58303.0,97172.0,173671.0
2024-02,Spices,7322520.2,42216,3935228.0,3387292.0,585802.0,439351.0,732252.0,1629887.0
2024-03,Beverages,2093007.9,40400,1193046.0,899962.0,167441.0,125580.0,209301.0,397640.0
2024-03,Confectionery,540473.0,64835,289683.0,250790.0,43238.0,32428.0,54047.0,121077.0
2024-03,Dairy,2100116.0,29384,1243253.0,856863.0,168009.0,126007.0,210012.0,352835.0
2024-03,MouthFreshener,3639085.73,63735,2019853.0,1619233.0,291127.0,218345.0,363909.0,745852.0
2024-03,Snacks,921548.0,30605,534091.0,387457.0,73724.0,55293.0,92155.0,166285.0
2024-03,Spices,7885069.0,45180,4211521.0,3673548.0,630806.0,473104.0,788507.0,1781131.0
2024-04,Beverages,3223817.4,60678,1791872.0,1431945.0,257905.0,193429.0,322382.0,658229.0
2024-04,Confectionery,492007.8,59455,265645.0,226363.0,39361.0,29520.0,49201.0,108281.0
2024-04,Dairy,2694491.0,37559,1589142.0,1105349.0,215559.0,161669.0,269449.0,458672.0
2024-04,MouthFreshener,3325324.0,58285,1847135.0,1478189.0,266026.0,199519.0,332532.0,680112.0
2024-04,Snacks,1104009.0,36472,636477.0,467532.0,88321.0,66241.0,110401.0,202569.0
2024-04,Spices,7980754.0,45677,4257850.0,3722904.0,638460.0,478845.0,798075.0,1807524.0
2024-05,Beverages,3163038.7,59406,1754309.0,1408730.0,253043.0,189782.0,316304.0,649601.0
2024-05,Confectionery,382298.88,45818,204715.0,177584.0,30584.0,22938.0,38230.0,85832.0
2024-05,Dairy,2131463.6,30198,1277694.0,853770.0,170517.0,127888.0,213146.0,342219.0
2024-05,MouthFreshener,2801644.8,49183,1558680.0,1242965.0,224132.0,168099.0,280164.0,570570.0
2024-05,Snacks,856660.0,28358,494879.0,361781.0,68533.0,51400.0,85666.0,156182.0
2024-05,Spices,5305243.2,30442,2837697.0,2467546.0,424419.0,318315.0,530524.0,1194288.0
2024-06,Beverages,3632720.6,68442,2021149.0,1611572.0,290618.0,217963.0,363272.0,739719.0
2024-06,Confectionery,369102.36,44271,197803.0,171299.0,29528.0,22146.0,36910.0,82715.0
2024-06,Dairy,2070527.0,28827,1219686.0,850841.0,165642.0,124232.0,207053.0,353914.0
2024-06,MouthFreshener,2899119.0,51317,1626309.0,1272810.0,231930.0,173947.0,289912.0,577021.0
2024-06,Snacks,861913.9,29048,506920.0,354994.0,68953.0,51715.0,86191.0,148135.0
2024-06,Spices,4268482.0,24463,2280355.0,1988127.0,341479.0,256109.0,426848.0,963691.0
2024-07,Beverages,4699702.8,87662,2588732.0,2110971.0,375976.0,281982.0,469970.0,983043.0
2024-07,Confectionery,432466.85,51933,232037.0,200430.0,34597.0,25948.0,43247.0,96638.0
2024-07,Dairy,2601606.0,36019,1523984.0,1077622.0,208128.0,156096.0,260161.0,453237.0
2024-07,MouthFreshener,3723680.4,65624,2079718.0,1643962.0,297894.0,223421.0,372368.0,750279.0
2024-07,Snacks,1118597.2,37047,646511.0,472086.0,89488.0,67116.0,111860.0,203622.0
2024-07,Spices,4389310.4,25239,2352691.0,2036619.0,351145.0,263359.0,438931.0,983184.0
2024-08,Beverages,3622750.5,67735,2000271.0,1622480.0,289820.0,217365.0,362275.0,753020.0
2024-08,Confectionery,532159.8,63927,285626.0,246534.0,42573.0,31930.0,53216.0,118815.0
2024-08,Dairy,1985447.0,27316,1155755.0,829692.0,158836.0,119127.0,198545.0,353184.0
2024-08,MouthFreshener,4654075.0,81012,2567386.0,2086689.0,372326.0,279244.0,465408.0,969711.0
2024-08,Snacks,957502.0,31652,552363.0,405139.0,76600.0,57450.0,95750.0,175339.0
2024-08,Spices,4286113.04,24833,2314845.0,1971268.0,342889.0,257167.0,428611.0,942601.0
2024-09,Beverages,3971657.0,74050,2186758.0,1784899.0,317733.0,238299.0,397166.0,831701.0
2024-09,Confectionery,410100.0,49147,219589.0,190511.0,32808.0,24606.0,41010.0,92087.0
2024-09,Dairy,2370657.0,32723,1384528.0,986129.0,189653.0,142239.0,237066.0,417171.0
2024-09,MouthFreshener,3807850.24,66633,2111695.0,1696155.0,304628.0,228471.0,380785.0,782271.0
2024-09,Snacks,1273217.4,42329,738688.0,534529.0,101857.0,76393.0,127322.0,228957.0
2024-09,Spices,4476713.6,25779,2403028.0,2073686.0,358137.0,268603.0,447671.0,999275.0
2024-10,Beverages,2650084.0,49406,1459000.0,1191084.0,212007.0,159005.0,265008.0,555064.0
2024-10,Confectionery,536991.75,65233,291461.0,245531.0,42959.0,32220.0,53699.0,116653.0
2024-10,Dairy,1860025.0,25681,1086577.0,773448.0,148802.0,111602.0,186002.0,327042.0
2024-10,MouthFreshener,4537981.3,80311,2545170.0,1992811.0,363039.0,272279.0,453798.0,903695.0
2024-10,Snacks,1075603.0,35660,622307.0,453296.0,86048.0,64536.0,107560.0,195152.0
2024-10,Spices,5829463.0,33860,3156311.0,2673152.0,466357.0,349768.0,582946.0,1274081.0
2024-11,Beverages,2049395.68,38252,1129613.0,919783.0,163952.0,122964.0,204940.0,427927.0
2024-11,Confectionery,443555.1,53467,238891.0,204664.0,35484.0,26613.0,44356.0,98211.0
2024-11,Dairy,1942503.0,27954,1182749.0,759754.0,155400.0,116550.0,194250.0,293554.0
2024-11,MouthFreshener,3999824.0,68432,2168708.0,1831116.0,319986.0,239989.0,399982.0,871159.0
2024-11,Snacks,1109387.4,36715,640718.0,468669.0,88751.0,66563.0,110939.0,202416.0
2024-11,Spices,6381857.0,37095,3457866.0,2923991.0,510549.0,382911.0,638186.0,1392345.0
2024-12,Beverages,2027128.14,38654,1141485.0,885643.0,162170.0,121628.0,202713.0,399132.0
2024-12,Confectionery,558844.7,68412,305665.0,253180.0,44708.0,33531.0,55884.0,119057.0
2024-12,Dairy,2636012.0,38070,1610763.0,1025249.0,210881.0,158161.0,263601.0,392606.0
2024-12,MouthFreshener,4767125.8,81701,2589221.0,2177905.0,381370.0,286028.0,476713.0,1033794.0
2024-12,Snacks,1375656.0,45424,792699.0,582957.0,110052.0,82539.0,137566.0,252800.0
2024-12,Spices,9302120.6,54630,5092417.0,4209704.0,744170.0,558127.0,930212.0,1977195.0
2025-01,Beverages,1451963.0,27437,810237.0,641726.0,116157.0,87118.0,145196.0,293255.0
2025-01,Confectionery,385178.4,46593,208178.0,177000.0,30814.0,23111.0,38518.0,84557.0
2025-01,Dairy,2316954.4,33228,1405895.0,911059.0,185356.0,139017.0,231695.0,354991.0
2025-01,MouthFreshener,3004502.5,51615,1635753.0,1368750.0,240360.0,180270.0,300450.0,647670.0
2025-01,Snacks,1110963.0,39150,683211.0,427752.0,88877.0,66658.0,111096.0,161121.0
2025-01,Spices,7934825.95,46102,4297467.0,3637359.0,634786.0,476090.0,793483.0,1733000.0
2025-02,Beverages,1618537.0,30174,891063.0,727474.0,129483.0,97112.0,161854.0,339025.0
2025-02,Confectionery,397113.0,47801,213575.0,183538.0,31769.0,23827.0,39711.0,88231.0
2025-02,Dairy,2549724.4,36194,1531388.0,1018336.0,203978.0,152983.0,254972.0,406403.0
2025-02,MouthFreshener,3058681.75,52242,1655624.0,1403058.0,244695.0,183521.0,305868.0,668974.0
2025-02,Snacks,1055106.8,37227,649653.0,405454.0,84409.0,63306.0,105511.0,152228.0
2025-02,Spices,8282844.2,48100,4483714.0,3799130.0,662628.0,496971.0,828284.0,1811247.0
2025-03,Beverages,2563952.24,48405,1429440.0,1134512.0,205116.0,153837.0,256395.0,519164.0
2025-03,Confectionery,662878.5,79445,354960.0,307918.0,53030.0,39773.0,66288.0,148827.0
2025-03,Dairy,3250204.25,46080,1949670.0,1300534.0,260016.0,195012.0,325020.0,520486.0
2025-03,MouthFreshener,5393812.9,93446,2961437.0,2432376.0,431505.0,323629.0,539381.0,1137861.0
2025-03,Snacks,1245449.6,44247,772159.0,473291.0,99636.0,74727.0,124545.0,174383.0
2025-03,Spices,10776802.1,64377,6000999.0,4775803.0,862144.0,646608.0,1077680.0,2189371.0
2025-04,Beverages,2724643.0,50883,1502617.0,1222026.0,217971.0,163479.0,272464.0,568112.0
2025-04,Confectionery,429967.25,56379,251901.0,178066.0,34397.0,25798.0,42997.0,74874.0
2025-04,Dairy,2650457.0,37722,1596039.0,1054418.0,212037.0,159027.0,265046.0,418308.0
2025-04,MouthFreshener,3405542.56,58813,1863868.0,1541675.0,272443.0,204333.0,340554.0,724345.0
2025-04,Snacks,928120.0,32694,570547.0,357573.0,74250.0,55687.0,92812.0,134824.0
2025-04,Spices,7070221.0,41115,3832596.0,3237625.0,565618.0,424213.0,707022.0,1540772.0
2025-05,Beverages,3374648.0,63119,1863957.0,1510691.0,269972.0,202479.0,337465.0,700775.0
2025-05,Confectionery,431100.0,57650,257580.0,173520.0,34488.0,25866.0,43110.0,70056.0
2025-05,Dairy,2772361.0,40460,1711885.0,1060476.0,221789.0,166342.0,277236.0,395109.0
2025-05,MouthFreshener,3544257.0,60856,1928614.0,1615643.0,283541.0,212655.0,354426.0,765021.0
2025-05,Snacks,924451.8,32455,566376.0,358076.0,73956.0,55467.0,92445.0,136208.0
2025-05,Spices,6042318.0,35557,3314499.0,2727819.0,483385.0,362539.0,604232.0,1277663.0
2025-06,Beverages,4885013.85,91945,2715212.0,2169802.0,390801.0,293101.0,488501.0,997399.0
2025-06,Confectionery,519003.6,69501,310530.0,208474.0,41520.0,31140.0,51900.0,83914.0
2025-06,Dairy,3179729.0,45101,1908248.0,1271481.0,254378.0,190784.0,317973.0,508346.0
2025-06,MouthFreshener,4641308.25,80594,2554139.0,2087169.0,371305.0,278478.0,464131.0,973255.0
2025-06,Snacks,1163373.15,41127,717712.0,445661.0,93070.0,69802.0,116337.0,166452.0
2025-06,Spices,6292957.69,38590,3597225.0,2695733.0,503437.0,377577.0,629296.0,1185423.0
2025-07,Beverages,4028872.3,75575,2231793.0,1797079.0,322310.0,241732.0,402887.0,830150.0
2025-07,Confectionery,395836.0,52893,236326.0,159510.0,31667.0,23750.0,39584.0,64509.0
2025-07,Dairy,2400795.5,34439,1457133.0,943662.0,192064.0,144048.0,240080.0,367470.0
2025-07,MouthFreshener,3806327.28,65780,2084662.0,1721665.0,304506.0,228380.0,380633.0,808146.0
2025-07,Snacks,969738.36,34074,594629.0,375109.0,77579.0,58184.0,96974.0,142372.0
2025-07,Spices,4045742.89,24634,2296295.0,1749448.0,323659.0,242745.0,404574.0,778470.0
2025-08,Beverages,3846941.46,71978,2125570.0,1721371.0,307755.0,230816.0,384694.0,798106.0
2025-08,Confectionery,604912.32,81752,365268.0,239644.0,48393.0,36295.0,60491.0,94465.0
2025-08,Dairy,2272696.6,32291,1366250.0,906447.0,181816.0,136362.0,227270.0,360999.0
2025-08,MouthFreshener,5657239.92,97093,3077016.0,2580224.0,452579.0,339434.0,565724.0,1222487.0
2025-08,Snacks,1036836.8,36464,636337.0,400500.0,82947.0,62210.0,103684.0,151659.0
2025-08,Spices,5009346.46,30693,2861094.0,2148252.0,400748.0,300561.0,500935.0,946008.0
2025-09,Beverages,4421038.25,83592,2468541.0,1952497.0,353683.0,265262.0,442104.0,891448.0
2025-09,Confectionery,467943.35,62905,281060.0,186883.0,37435.0,28077.0,46794.0,74577.0
2025-09,Dairy,2717277.32,39850,1686076.0,1031201.0,217382.0,163037.0,271728.0,379054.0
2025-09,MouthFreshener,4553380.0,77673,2461568.0,2091812.0,364270.0,273203.0,455338.0,999001.0
2025-09,Snacks,1374148.54,48688,849660.0,524489.0,109932.0,82449.0,137415.0,194693.0
2025-09,Spices,5120124.72,31087,2897821.0,2222304.0,409610.0,307207.0,512012.0,993475.0
2025-10,Beverages,2795427.68,52278,1543813.0,1251615.0,223634.0,167726.0,279543.0,580712.0
2025-10,Confectionery,604930.17,81092,362319.0,242611.0,48394.0,36296.0,60493.0,97428.0
2025-10,Dairy,2111693.0,30063,1271982.0,839711.0,168935.0,126702.0,211169.0,332905.0
2025-10,MouthFreshener,5392964.08,92571,2933707.0,2459257.0,431437.0,323578.0,539296.0,1164946.0
2025-10,Snacks,1189255.02,42252,737344.0,451911.0,95140.0,71355.0,118926.0,166490.0
2025-10,Spices,6359462.25,38842,3620715.0,2738747.0,508757.0,381568.0,635946.0,1212476.0
2025-11,Beverages,2157871.8,40576,1198243.0,959629.0,172630.0,129472.0,215787.0,441740.0
2025-11,Confectionery,505754.63,67900,303377.0,202378.0,40460.0,30345.0,50575.0,80998.0
2025-11,Dairy,2164435.65,30800,1303165.0,861271.0,173155.0,129866.0,216444.0,341806.0
2025-11,MouthFreshener,4352563.52,74821,2371184.0,1981380.0,348205.0,261154.0,435256.0,936765.0
2025-11,Snacks,1198194.72,42190,736262.0,461933.0,95856.0,71892.0,119819.0,174366.0
2025-11,Spices,7086899.49,43239,4030588.0,3056311.0,566952.0,425214.0,708690.0,1355455.0
2025-12,Beverages,2156746.3,40385,1192603.0,964143.0,172540.0,129405.0,215675.0,446523.0
2025-12,Confectionery,631716.5,84600,377993.0,253724.0,50537.0,37903.0,63172.0,102112.0
2025-12,Dairy,2848880.92,40646,1719755.0,1129126.0,227910.0,170933.0,284888.0,445395.0
2025-12,MouthFreshener,4990429.5,85504,2709744.0,2280686.0,399234.0,299426.0,499043.0,1082983.0
2025-12,Snacks,1478378.6,52093,909081.0,569298.0,118270.0,88703.0,147838.0,214487.0
2025-12,Spices,10200024.92,61872,5767491.0,4432534.0,816002.0,612001.0,1020002.0,1984529.0
2026-01,Beverages,782618.0,14607,431357.0,351261.0,62609.0,46957.0,78262.0,163433.0
2026-01,Confectionery,215034.0,28875,129014.0,86020.0,17203.0,12902.0,21503.0,34412.0
2026-01,Dairy,1185115.0,16775,709760.0,475355.0,94809.0,71107.0,118512.0,190927.0
2026-01,MouthFreshener,1579982.0,26978,854971.0,725011.0,126399.0,94799.0,157998.0,345815.0
2026-01,Snacks,578961.0,20427,356474.0,222487.0,46317.0,34738.0,57896.0,83536.0
2026-01,Spices,4283397.0,25977,2421485.0,1861912.0,342672.0,257004.0,428340.0,833896.0
