month,zone,category,actual_revenue,target_revenue
2023-10,Central,Beverages,621276.0,642645.0
2023-10,Central,Confectionery,117523.08,109615.0
2023-10,Central,Dairy,380496.0,396811.0
2023-10,Central,MouthFreshener,939032.0,1056772.0
2023-10,Central,Snacks,302406.8,299211.0
2023-10,Central,Spices,1321594.0,1445099.0
2023-10,East,Beverages,794477.0,878462.0
2023-10,East,Confectionery,155309.48,174651.0
2023-10,East,Dairy,526618.0,566662.0
2023-10,East,MouthFreshener,1169961.0,1124755.0
2023-10,East,Snacks,373444.0,388972.0
2023-10,East,Spices,1396651.0,1389251.0
2023-10,North,Beverages,543162.0,573647.0
2023-10,North,Confectionery,101653.76,113037.0
2023-10,North,Dairy,242863.0,265127.0
2023-10,North,MouthFreshener,785659.0,758048.0
2023-10,North,Snacks,190263.2,184500.0
2023-10,North,Spices,841346.0,921530.0
2023-10,South,Beverages,703048.0,769096.0
2023-10,South,Confectionery,124065.52,132339.0
2023-10,South,Dairy,455020.0,437261.0
2023-10,South,MouthFreshener,1122994.0,1232626.0
2023-10,South,Snacks,318459.0,319140.0
2023-10,South,Spices,1253762.0,1239849.0
2023-10,West,Beverages,702293.0,789654.0
2023-10,West,Confectionery,130635.16,146046.0
2023-10,West,Dairy,488874.0,560759.0
2023-10,West,MouthFreshener,1061886.0,1120587.0
2023-10,West,Snacks,304665.0,318785.0
2023-10,West,Spices,1286058.0,1219604.0
2023-11,Central,Beverages,383010.76,382939.0
2023-11,Central,Confectionery,70322.0,74324.0
2023-11,Central,Dairy,311083.0,351390.0
2023-11,Central,MouthFreshener,534900.0,611495.0
2023-11,Central,Snacks,239051.0,216400.0
2023-11,Central,Spices,1129721.0,1202933.0
2023-11,East,Beverages,488977.28,561269.0
2023-11,East,Confectionery,91146.0,99088.0
2023-11,East,Dairy,439218.0,471922.0
2023-11,East,MouthFreshener,651192.0,668259.0
2023-11,East,Snacks,300041.0,296555.0
2023-11,East,Spices,1174225.0,1104471.0
2023-11,North,Beverages,339065.64,316117.0
2023-11,North,Confectionery,60157.0,58700.0
2023-11,North,Dairy,197829.0,187633.0
2023-11,North,MouthFreshener,449896.0,509890.0
2023-11,North,Snacks,159072.0,166555.0
2023-11,North,Spices,729606.0,764336.0
2023-11,South,Beverages,439388.0,419066.0
2023-11,South,Confectionery,75052.0,67777.0
2023-11,South,Dairy,383407.0,395161.0
2023-11,South,MouthFreshener,639837.0,642499.0
2023-11,South,Snacks,257492.0,267697.0
2023-11,South,Spices,1033698.0,1103506.0
2023-11,West,Beverages,430534.88,463188.0
2023-11,West,Confectionery,77007.0,85404.0
2023-11,West,Dairy,399282.0,375439.0
2023-11,West,MouthFreshener,601401.0,596944.0
2023-11,West,Snacks,246579.0,227501.0
2023-11,West,Spices,1128325.0,1214399.0
2023-12,Central,Beverages,294948.2,267146.0
2023-12,Central,Confectionery,72879.14,65860.0
2023-12,Central,Dairy,322865.4,351608.0
2023-12,Central,MouthFreshener,515139.5,502310.0
2023-12,Central,Snacks,238982.4,240284.0
2023-12,Central,Spices,1373351.0,1532566.0
2023-12,East,Beverages,393545.4,367225.0
2023-12,East,Confectionery,94908.59,96385.0
2023-12,East,Dairy,446739.65,490632.0
2023-12,East,MouthFreshener,642715.25,593341.0
2023-12,East,Snacks,305199.56,299148.0
2023-12,East,Spices,1443716.0,1630054.0
2023-12,North,Beverages,263465.0,241378.0
2023-12,North,Confectionery,61785.23,64357.0
2023-12,North,Dairy,206552.5,214019.0
2023-12,North,MouthFreshener,429502.75,402028.0
2023-12,North,Snacks,158238.52,150215.0
2023-12,North,Spices,867263.0,802990.0
2023-12,South,Beverages,340402.8,366781.0
2023-12,South,Confectionery,77688.9,74391.0
2023-12,South,Dairy,397981.2,405492.0
2023-12,South,MouthFreshener,623815.25,655826.0
2023-12,South,Snacks,259318.52,254818.0
2023-12,South,Spices,1231162.0,1126654.0
2023-12,West,Beverages,333608.0,317446.0
2023-12,West,Confectionery,79806.14,82952.0
2023-12,West,Dairy,408240.65,400584.0
2023-12,West,MouthFreshener,587184.75,644694.0
2023-12,West,Snacks,255890.64,261616.0
2023-12,West,Spices,1299443.0,1396654.0
2024-01,Central,Beverages,351143.4,344068.0
2024-01,Central,Confectionery,84707.4,91675.0
2024-01,Central,Dairy,438856.35,399602.0
2024-01,Central,MouthFreshener,563760.2,626539.0
2024-01,Central,Snacks,291042.18,327373.0
2024-01,Central,Spices,1822759.0,1868776.0
2024-01,East,Beverages,441382.0,428800.0
2024-01,East,Confectionery,110618.8,111558.0
2024-01,East,Dairy,613089.6,671082.0
2024-01,East,MouthFreshener,664874.0,688869.0
2024-01,East,Snacks,381524.08,419391.0
2024-01,East,Spices,1920995.0,1782209.0
2024-01,North,Beverages,298699.4,272513.0
2024-01,North,Confectionery,73749.0,75181.0
2024-01,North,Dairy,279247.2,279659.0
2024-01,North,MouthFreshener,457787.8,449473.0
2024-01,North,Snacks,194414.98,209127.0
2024-01,North,Spices,1166724.0,1055265.0
2024-01,South,Beverages,393881.2,406867.0
2024-01,South,Confectionery,89581.2,91609.0
2024-01,South,Dairy,534212.05,535061.0
2024-01,South,MouthFreshener,652087.8,596078.0
2024-01,South,Snacks,314788.12,341859.0
2024-01,South,Spices,1700284.0,1765627.0
2024-01,West,Beverages,387117.0,444221.0
2024-01,West,Confectionery,95309.0,86155.0
2024-01,West,Dairy,561402.6,556875.0
2024-01,West,MouthFreshener,627824.5,663854.0
2024-01,West,Snacks,310414.32,309522.0
2024-01,West,Spices,1784447.0,2015006.0
2024-02,Central,Beverages,298286.0,301071.0
2024-02,Central,Confectionery,71255.2,77559.0
2024-02,Central,Dairy,369407.0,339785.0
2024-02,Central,MouthFreshener,453394.85,501357.0
2024-02,Central,Snacks,221196.41,232361.0
2024-02,Central,Spices,1547886.8,1712979.0
2024-02,East,Beverages,389351.0,367229.0
2024-02,East,Confectionery,93139.2,104903.0
2024-02,East,Dairy,521558.0,590377.0
2024-02,East,MouthFreshener,548968.1,561627.0
2024-02,East,Snacks,278318.18,275906.0
2024-02,East,Spices,1576312.0,1475204.0
2024-02,North,Beverages,264738.0,259107.0
2024-02,North,Confectionery,61262.2,66810.0
2024-02,North,Dairy,243625.0,267914.0
2024-02,North,MouthFreshener,375982.35,346979.0
2024-02,North,Snacks,145302.66,147463.0
2024-02,North,Spices,990584.8,1091921.0
2024-02,South,Beverages,344377.0,351615.0
2024-02,South,Confectionery,75072.0,71186.0
2024-02,South,Dairy,450121.0,489854.0
2024-02,South,MouthFreshener,529159.5,499145.0
2024-02,South,Snacks,239740.23,216008.0
2024-02,South,Spices,1431023.2,1480547.0
2024-02,West,Beverages,335336.0,376616.0
2024-02,West,Confectionery,76441.2,77884.0
2024-02,West,Dairy,469733.0,504380.0
2024-02,West,MouthFreshener,507651.05,564775.0
2024-02,West,Snacks,231664.9,221803.0
2024-02,West,Spices,1484003.4,1448634.0
2024-03,Central,Beverages,410370.12,423682.0
2024-03,Central,Confectionery,98384.0,103217.0
2024-03,Central,Dairy,396975.0,406864.0
2024-03,Central,MouthFreshener,674176.72,720157.0
2024-03,Central,Snacks,208888.0,205289.0
2024-03,Central,Spices,1685204.0,1654667.0
2024-03,East,Beverages,534434.62,528499.0
2024-03,East,Confectionery,131104.0,126024.0
2024-03,East,Dairy,547758.0,506774.0
2024-03,East,MouthFreshener,793874.58,829260.0
2024-03,East,Snacks,263568.0,242161.0
2024-03,East,Spices,1676284.0,1656156.0
2024-03,North,Beverages,351520.3,391713.0
2024-03,North,Confectionery,85621.0,91670.0
2024-03,North,Dairy,241330.0,228967.0
2024-03,North,MouthFreshener,562692.77,588060.0
2024-03,North,Snacks,138329.0,140294.0
2024-03,North,Spices,1065927.0,1021363.0
2024-03,South,Beverages,462694.2,474085.0
2024-03,South,Confectionery,102314.0,111031.0
2024-03,South,Dairy,457709.0,438499.0
2024-03,South,MouthFreshener,792294.6,720777.0
2024-03,South,Snacks,226814.0,257823.0
2024-03,South,Spices,1468289.0,1621734.0
2024-03,West,Beverages,451192.82,479184.0
2024-03,West,Confectionery,110117.0,110348.0
2024-03,West,Dairy,492023.0,553325.0
2024-03,West,MouthFreshener,759005.31,728784.0
2024-03,West,Snacks,212800.0,213129.0
2024-03,West,Spices,1626730.0,1667282.0
2024-04,Central,Beverages,616741.16,608418.0
2024-04,Central,Confectionery,90150.92,92259.0
2024-04,Central,Dairy,503023.0,565229.0
2024-04,Central,MouthFreshener,613859.0,673389.0
2024-04,Central,Snacks,248238.0,284856.0
2024-04,Central,Spices,1624571.0,1524223.0
2024-04,East,Beverages,812258.04,820915.0
2024-04,East,Confectionery,117135.84,131038.0
2024-04,East,Dairy,681279.0,757954.0
2024-04,East,MouthFreshener,747285.0,707933.0
2024-04,East,Snacks,318864.0,357949.0
2024-04,East,Spices,1734807.0,1574209.0
2024-04,North,Beverages,555133.32,507674.0
2024-04,North,Confectionery,77100.36,82823.0
2024-04,North,Dairy,314123.0,334132.0
2024-04,North,MouthFreshener,513999.0,582254.0
2024-04,North,Snacks,162241.0,162453.0
2024-04,North,Spices,1041236.0,1076375.0
2024-04,South,Beverages,705979.72,771859.0
2024-04,South,Confectionery,94562.36,101109.0
2024-04,South,Dairy,596020.0,642840.0
2024-04,South,MouthFreshener,732677.0,836786.0
2024-04,South,Snacks,262057.0,279448.0
2024-04,South,Spices,1470722.0,1386500.0
2024-04,West,Beverages,692992.6,796060.0
2024-04,West,Confectionery,99846.56,101797.0
2024-04,West,Dairy,648379.0,682962.0
2024-04,West,MouthFreshener,685530.0,689898.0
2024-04,West,Snacks,261354.0,237090.0
2024-04,West,Spices,1605417.0,1650128.0
2024-05,Central,Beverages,623791.7,688601.0
2024-05,Central,Confectionery,71639.2,72343.0
2024-05,Central,Dairy,396929.6,425471.0
2024-05,Central,MouthFreshener,519634.8,506120.0
2024-05,Central,Snacks,190017.0,190744.0
2024-05,Central,Spices,1093767.0,1142457.0
2024-05,East,Beverages,806084.5,832189.0
2024-05,East,Confectionery,91903.52,103803.0
2024-05,East,Dairy,557469.2,540912.0
2024-05,East,MouthFreshener,624086.8,569085.0
2024-05,East,Snacks,242579.0,272735.0
2024-05,East,Spices,1129425.4,1042765.0
2024-05,North,Beverages,549489.5,500417.0
2024-05,North,Confectionery,60315.64,58786.0
2024-05,North,Dairy,250015.72,230048.0
2024-05,North,MouthFreshener,433940.8,420556.0
2024-05,North,Snacks,128685.0,138240.0
2024-05,North,Spices,715507.0,698398.0
2024-05,South,Beverages,694673.4,725894.0
2024-05,South,Confectionery,73458.4,67490.0
2024-05,South,Dairy,476719.28,515554.0
2024-05,South,MouthFreshener,616532.2,636489.0
2024-05,South,Snacks,203067.0,226277.0
2024-05,South,Spices,997013.2,905520.0
2024-05,West,Beverages,688186.4,775780.0
2024-05,West,Confectionery,78618.56,82035.0
2024-05,West,Dairy,519388.4,550214.0
2024-05,West,MouthFreshener,579123.8,525261.0
2024-05,West,Snacks,198788.0,196759.0
2024-05,West,Spices,1045440.6,1044840.0
2024-06,Central,Beverages,708839.62,732521.0
2024-06,Central,Confectionery,67042.32,61801.0
2024-06,Central,Dairy,376823.0,426609.0
2024-06,Central,MouthFreshener,547520.0,603888.0
2024-06,Central,Snacks,196296.3,210313.0
2024-06,Central,Spices,884695.0,828246.0
2024-06,East,Beverages,912803.92,962437.0
2024-06,East,Confectionery,87602.6,97962.0
2024-06,East,Dairy,532576.0,527580.0
2024-06,East,MouthFreshener,637676.0,646513.0
2024-06,East,Snacks,252473.9,236643.0
2024-06,East,Spices,927100.0,962807.0
2024-06,North,Beverages,640923.08,702335.0
2024-06,North,Confectionery,58077.76,63439.0
2024-06,North,Dairy,237814.0,228844.0
2024-06,North,MouthFreshener,446167.0,434141.0
2024-06,North,Snacks,128277.4,138656.0
2024-06,North,Spices,565062.0,556575.0
2024-06,South,Beverages,801671.94,822302.0
2024-06,South,Confectionery,69837.92,78330.0
2024-06,South,Dairy,452708.0,469360.0
2024-06,South,MouthFreshener,634384.0,595467.0
2024-06,South,Snacks,213406.8,207158.0
2024-06,South,Spices,812651.0,750753.0
2024-06,West,Beverages,783441.24,836376.0
2024-06,West,Confectionery,75586.2,85626.0
2024-06,West,Dairy,476719.0,457154.0
2024-06,West,MouthFreshener,598611.0,632767.0
2024-06,West,Snacks,204031.0,195943.0
2024-06,West,Spices,881987.0,842332.0
2024-07,Central,Beverages,931982.9,1001568.0
2024-07,Central,Confectionery,79739.6,79044.0
2024-07,Central,Dairy,485590.05,520733.0
2024-07,Central,MouthFreshener,691518.8,752023.0
2024-07,Central,Snacks,254223.6,265826.0
2024-07,Central,Spices,927408.2,836665.0
2024-07,East,Beverages,1186675.0,1280360.0
2024-07,East,Confectionery,102641.75,116024.0
2024-07,East,Dairy,668518.3,628306.0
2024-07,East,MouthFreshener,839189.8,795794.0
2024-07,East,Snacks,322881.2,361456.0
2024-07,East,Spices,952449.2,951330.0
2024-07,North,Beverages,798117.4,834049.0
2024-07,North,Confectionery,69252.65,63043.0
2024-07,North,Dairy,326828.4,328341.0
2024-07,North,MouthFreshener,586826.4,546021.0
2024-07,North,Snacks,169553.0,185240.0
2024-07,North,Spices,569124.6,564436.0
2024-07,South,Beverages,1051988.1,1146894.0
2024-07,South,Confectionery,83028.5,89588.0
2024-07,South,Dairy,563585.0,577688.0
2024-07,South,MouthFreshener,821802.8,881559.0
2024-07,South,Snacks,272024.8,281878.0
2024-07,South,Spices,838541.8,950304.0
2024-07,West,Beverages,1006672.7,1139806.0
2024-07,West,Confectionery,88071.0,83846.0
2024-07,West,Dairy,629187.3,598611.0
2024-07,West,MouthFreshener,773679.2,834234.0
2024-07,West,Snacks,266495.4,275976.0
2024-07,West,Spices,916075.8,961741.0
2024-08,Central,Beverages,717306.7,718217.0
2024-08,Central,Confectionery,96818.2,93618.0
2024-08,Central,Dairy,373857.0,350375.0
2024-08,Central,MouthFreshener,886960.0,996914.0
2024-08,Central,Snacks,211640.0,229967.0
2024-08,Central,Spices,891898.24,946858.0
2024-08,East,Beverages,928483.1,995165.0
2024-08,East,Confectionery,126270.6,135747.0
2024-08,East,Dairy,511941.0,476852.0
2024-08,East,MouthFreshener,1036627.0,1056265.0
2024-08,East,Snacks,276948.0,299484.0
2024-08,East,Spices,919514.88,1023724.0
2024-08,North,Beverages,626800.6,597894.0
2024-08,North,Confectionery,85712.2,92832.0
2024-08,North,Dairy,250526.0,278786.0
2024-08,North,MouthFreshener,693125.0,754739.0
2024-08,North,Snacks,141966.0,134747.0
2024-08,North,Spices,581185.52,651591.0
2024-08,South,Beverages,801043.8,800504.0
2024-08,South,Confectionery,102573.2,112175.0
2024-08,South,Dairy,430810.0,391679.0
2024-08,South,MouthFreshener,1009794.0,932641.0
2024-08,South,Snacks,230656.0,253168.0
2024-08,South,Spices,817678.28,842942.0
2024-08,West,Beverages,762727.4,859333.0
2024-08,West,Confectionery,108270.6,98286.0
2024-08,West,Dairy,485723.0,525044.0
2024-08,West,MouthFreshener,978123.0,958025.0
2024-08,West,Snacks,224750.0,230444.0
2024-08,West,Spices,853468.68,822441.0
2024-09,Central,Beverages,803668.0,862182.0
2024-09,Central,Confectionery,77097.0,71254.0
2024-09,Central,Dairy,427689.0,473104.0
2024-09,Central,MouthFreshener,716464.04,766170.0
2024-09,Central,Snacks,290229.5,300449.0
2024-09,Central,Spices,914929.4,1035208.0
2024-09,East,Beverages,1004626.0,1147930.0
2024-09,East,Confectionery,98497.0,99666.0
2024-09,East,Dairy,606986.0,691180.0
2024-09,East,MouthFreshener,849273.92,876261.0
2024-09,East,Snacks,371961.2,393200.0
2024-09,East,Spices,953082.4,915349.0
2024-09,North,Beverages,677664.0,699818.0
2024-09,North,Confectionery,65429.0,68589.0
2024-09,North,Dairy,295023.0,307939.0
2024-09,North,MouthFreshener,570331.16,525538.0
2024-09,North,Snacks,189089.0,196792.0
2024-09,North,Spices,596654.2,540646.0
2024-09,South,Beverages,884425.0,942441.0
2024-09,South,Confectionery,78618.0,76192.0
2024-09,South,Dairy,510011.0,547158.0
2024-09,South,MouthFreshener,829149.72,946875.0
2024-09,South,Snacks,310676.9,311016.0
2024-09,South,Spices,850159.8,975227.0
2024-09,West,Beverages,858153.0,967805.0
2024-09,West,Confectionery,85079.0,80620.0
2024-09,West,Dairy,588481.0,565046.0
2024-09,West,MouthFreshener,777472.96,767143.0
2024-09,West,Snacks,299256.9,343511.0
2024-09,West,Spices,919661.2,886673.0
2024-10,Central,Beverages,535999.0,508098.0
2024-10,Central,Confectionery,98815.5,91304.0
2024-10,Central,Dairy,339800.0,317303.0
2024-10,Central,MouthFreshener,851192.74,926994.0
2024-10,Central,Snacks,234522.0,247468.0
2024-10,Central,Spices,1207642.0,1338714.0
2024-10,East,Beverages,677904.0,683891.0
2024-10,East,Confectionery,129730.75,125377.0
2024-10,East,Dairy,487416.0,518079.0
2024-10,East,MouthFreshener,1013100.84,974292.0
2024-10,East,Snacks,315558.0,336505.0
2024-10,East,Spices,1256570.0,1215258.0
2024-10,North,Beverages,449556.0,504061.0
2024-10,North,Confectionery,85210.5,92755.0
2024-10,North,Dairy,231396.0,217448.0
2024-10,North,MouthFreshener,681999.88,642259.0
2024-10,North,Snacks,161127.0,162422.0
2024-10,North,Spices,792398.0,898445.0
2024-10,South,Beverages,588509.0,643115.0
2024-10,South,Confectionery,104986.75,99175.0
2024-10,South,Dairy,411824.0,443829.0
2024-10,South,MouthFreshener,991499.8,900354.0
2024-10,South,Snacks,263947.0,267003.0
2024-10,South,Spices,1111963.0,1213264.0
2024-10,West,Beverages,556438.0,562186.0
2024-10,West,Confectionery,111218.25,126762.0
2024-10,West,Dairy,447560.0,492975.0
2024-10,West,MouthFreshener,931695.62,957749.0
2024-10,West,Snacks,258664.0,283781.0
2024-10,West,Spices,1190088.0,1123577.0
2024-11,Central,Beverages,411336.24,447198.0
2024-11,Central,Confectionery,83429.9,85190.0
2024-11,Central,Dairy,357591.0,332450.0
2024-11,Central,MouthFreshener,760652.0,843734.0
2024-11,Central,Snacks,251189.9,260429.0
2024-11,Central,Spices,1332987.0,1515941.0
2024-11,East,Beverages,527294.6,592421.0
2024-11,East,Confectionery,108170.4,116362.0
2024-11,East,Dairy,505613.0,575529.0
2024-11,East,MouthFreshener,919296.0,862378.0
2024-11,East,Snacks,321906.6,302888.0
2024-11,East,Spices,1398387.0,1354432.0
2024-11,North,Beverages,365810.56,331907.0
2024-11,North,Confectionery,71737.6,69037.0
2024-11,North,Dairy,237570.0,266031.0
2024-11,North,MouthFreshener,615725.0,595631.0
2024-11,North,Snacks,163721.1,182529.0
2024-11,North,Spices,853399.0,827785.0
2024-11,South,Beverages,451529.88,414016.0
2024-11,South,Confectionery,86472.3,78913.0
2024-11,South,Dairy,431960.0,394220.0
2024-11,South,MouthFreshener,913571.0,880406.0
2024-11,South,Snacks,271091.9,280367.0
2024-11,South,Spices,1218009.0,1271204.0
2024-11,West,Beverages,439703.2,453227.0
2024-11,West,Confectionery,94864.9,87384.0
2024-11,West,Dairy,468376.0,439103.0
2024-11,West,MouthFreshener,836545.0,942114.0
2024-11,West,Snacks,261876.7,264141.0
2024-11,West,Spices,1342080.0,1335912.0
2024-12,Central,Beverages,403840.36,395887.0
2024-12,Central,Confectionery,104613.6,104932.0
2024-12,Central,Dairy,483151.0,524064.0
2024-12,Central,MouthFreshener,880971.4,913242.0
2024-12,Central,Snacks,312905.0,335575.0
2024-12,Central,Spices,1892716.3,1750937.0
2024-12,East,Beverages,520688.24,530142.0
2024-12,East,Confectionery,134194.2,130926.0
2024-12,East,Dairy,693126.0,751069.0
2024-12,East,MouthFreshener,1102971.2,1013736.0
2024-12,East,Snacks,397103.0,405507.0
2024-12,East,Spices,1976722.0,1995394.0
2024-12,North,Beverages,355836.46,362607.0
2024-12,North,Confectionery,89558.0,102417.0
2024-12,North,Dairy,330582.0,322574.0
2024-12,North,MouthFreshener,763341.2,720429.0
2024-12,North,Snacks,204649.0,190352.0
2024-12,North,Spices,1243415.6,1181424.0
2024-12,South,Beverages,449443.72,434461.0
2024-12,South,Confectionery,107353.6,121692.0
2024-12,South,Dairy,567990.0,525077.0
2024-12,South,MouthFreshener,1097725.6,1034656.0
2024-12,South,Snacks,333732.0,325059.0
2024-12,South,Spices,1809648.5,1674838.0
2024-12,West,Beverages,433874.18,404730.0
2024-12,West,Confectionery,114532.7,130230.0
2024-12,West,Dairy,625493.0,571866.0
2024-12,West,MouthFreshener,1001996.2,1026804.0
2024-12,West,Snacks,326694.0,355091.0
2024-12,West,Spices,1923775.3,1851489.0
2025-01,Central,Beverages,297925.0,296317.0
2025-01,Central,Confectionery,71609.2,68291.0
2025-01,Central,Dairy,428639.4,461941.0
2025-01,Central,MouthFreshener,568663.0,630480.0
2025-01,Central,Snacks,243542.0,275100.0
2025-01,Central,Spices,1618624.9,1702415.0
2025-01,East,Beverages,373972.0,347567.0
2025-01,East,Confectionery,94012.6,94365.0
2025-01,East,Dairy,610010.6,617804.0
2025-01,East,MouthFreshener,701909.5,676645.0
2025-01,East,Snacks,322815.0,344475.0
2025-01,East,Spices,1690040.4,1759448.0
2025-01,North,Beverages,247191.0,231974.0
2025-01,North,Confectionery,62461.0,65469.0
2025-01,North,Dairy,296620.0,309920.0
2025-01,North,MouthFreshener,490047.0,465942.0
2025-01,North,Snacks,164884.0,170227.0
2025-01,North,Spices,1066899.3,979116.0
2025-01,South,Beverages,323087.0,294340.0
2025-01,South,Confectionery,73423.2,77191.0
2025-01,South,Dairy,499278.4,481953.0
2025-01,South,MouthFreshener,684659.0,655901.0
2025-01,South,Snacks,269072.0,262051.0
2025-01,South,Spices,1505815.55,1709456.0
2025-01,West,Beverages,309061.0,320711.0
2025-01,West,Confectionery,80598.0,85065.0
2025-01,West,Dairy,536381.8,574799.0
2025-01,West,MouthFreshener,625859.0,588560.0
2025-01,West,Snacks,262121.0,288887.0
2025-01,West,Spices,1688506.55,1730423.0
2025-02,Central,Beverages,324475.0,350166.0
2025-02,Central,Confectionery,73742.0,66729.0
2025-02,Central,Dairy,486468.6,554757.0
2025-02,Central,MouthFreshener,590427.5,601174.0
2025-02,Central,Snacks,228176.2,248591.0
2025-02,Central,Spices,1730003.2,1665563.0
2025-02,East,Beverages,411448.0,386492.0
2025-02,East,Confectionery,97351.0,97244.0
2025-02,East,Dairy,658903.0,599295.0
2025-02,East,MouthFreshener,707705.25,677100.0
2025-02,East,Snacks,312146.8,330812.0
2025-02,East,Spices,1795251.2,1766257.0
2025-02,North,Beverages,278284.0,265260.0
2025-02,North,Confectionery,63649.0,72153.0
2025-02,North,Dairy,322339.8,316547.0
2025-02,North,MouthFreshener,490316.0,553568.0
2025-02,North,Snacks,160845.0,171895.0
2025-02,North,Spices,1087498.4,1212599.0
2025-02,South,Beverages,364426.0,332256.0
2025-02,South,Confectionery,76621.0,86326.0
2025-02,South,Dairy,570140.6,539939.0
2025-02,South,MouthFreshener,697124.75,801047.0
2025-02,South,Snacks,263109.0,240187.0
2025-02,South,Spices,1588198.0,1808216.0
2025-02,West,Beverages,340994.0,347700.0
2025-02,West,Confectionery,84794.0,92850.0
2025-02,West,Dairy,592284.4,560211.0
2025-02,West,MouthFreshener,636544.0,626448.0
2025-02,West,Snacks,247037.2,232458.0
2025-02,West,Spices,1688305.8,1690870.0
2025-03,Central,Beverages,524336.6,518062.0
2025-03,Central,Confectionery,122502.5,115085.0
2025-03,Central,Dairy,614931.6,639862.0
2025-03,Central,MouthFreshener,1018763.9,1030379.0
2025-03,Central,Snacks,275074.4,289904.0
2025-03,Central,Spices,2265590.1,2143050.0
2025-03,East,Beverages,662919.48,711818.0
2025-03,East,Confectionery,161897.1,184385.0
2025-03,East,Dairy,856199.35,834824.0
2025-03,East,MouthFreshener,1223014.2,1274072.0
2025-03,East,Snacks,369647.8,374293.0
2025-03,East,Spices,2365335.5,2541245.0
2025-03,North,Beverages,445471.76,491099.0
2025-03,North,Confectionery,104640.9,111549.0
2025-03,North,Dairy,428273.55,453959.0
2025-03,North,MouthFreshener,866426.7,841958.0
2025-03,North,Snacks,189045.0,208251.0
2025-03,North,Spices,1437364.3,1327592.0
2025-03,South,Beverages,577206.2,656256.0
2025-03,South,Confectionery,126721.9,141920.0
2025-03,South,Dairy,734419.1,785150.0
2025-03,South,MouthFreshener,1222284.6,1212020.0
2025-03,South,Snacks,313262.0,312656.0
2025-03,South,Spices,2109790.3,2299473.0
2025-03,West,Beverages,552545.4,515476.0
2025-03,West,Confectionery,140149.5,130322.0
2025-03,West,Dairy,788642.3,842756.0
2025-03,West,MouthFreshener,1112055.6,1166029.0
2025-03,West,Snacks,294343.2,275846.0
2025-03,West,Spices,2189699.9,2232206.0
2025-04,Central,Beverages,554057.0,564291.0
2025-04,Central,Confectionery,80873.4,86554.0
2025-04,Central,Dairy,504470.0,549525.0
2025-04,Central,MouthFreshener,639904.64,694854.0
2025-04,Central,Snacks,211524.0,194294.0
2025-04,Central,Spices,1447184.0,1461005.0
2025-04,East,Beverages,701669.0,746695.0
2025-04,East,Confectionery,107527.05,113774.0
2025-04,East,Dairy,693954.0,665856.0
2025-04,East,MouthFreshener,782817.44,761987.0
2025-04,East,Snacks,280695.0,254488.0
2025-04,East,Spices,1569227.0,1550089.0
2025-04,North,Beverages,475565.0,513158.0
2025-04,North,Confectionery,70450.75,72637.0
2025-04,North,Dairy,339068.0,345137.0
2025-04,North,MouthFreshener,545548.44,534610.0
2025-04,North,Snacks,141742.0,154262.0
2025-04,North,Spices,938277.0,847246.0
2025-04,South,Beverages,615512.0,678951.0
2025-04,South,Confectionery,84844.75,95775.0
2025-04,South,Dairy,585426.0,624309.0
2025-04,South,MouthFreshener,780326.48,702839.0
2025-04,South,Snacks,235501.0,248344.0
2025-04,South,Spices,1369524.0,1468680.0
2025-04,West,Beverages,575538.0,543040.0
2025-04,West,Confectionery,93914.55,92677.0
2025-04,West,Dairy,647387.0,643159.0
2025-04,West,MouthFreshener,699746.76,793155.0
2025-04,West,Snacks,228874.0,259309.0
2025-04,West,Spices,1496391.0,1665419.0
2025-05,Central,Beverages,692195.2,684796.0
2025-05,Central,Confectionery,81207.0,78630.0
2025-05,Central,Dairy,529861.3,477568.0
2025-05,Central,MouthFreshener,664096.5,684933.0
2025-05,Central,Snacks,202675.1,197886.0
2025-05,Central,Spices,1262092.75,1143275.0
2025-05,East,Beverages,865181.2,970966.0
2025-05,East,Confectionery,107262.0,113929.0
2025-05,East,Dairy,737080.8,729813.0
2025-05,East,MouthFreshener,823796.5,784146.0
2025-05,East,Snacks,275458.3,307381.0
2025-05,East,Spices,1349556.75,1526036.0
2025-05,North,Beverages,603514.2,608814.0
2025-05,North,Confectionery,70170.0,73682.0
2025-05,North,Dairy,364378.2,331784.0
2025-05,North,MouthFreshener,555400.25,535469.0
2025-05,North,Snacks,143566.1,139377.0
2025-05,North,Spices,805915.75,916836.0
2025-05,South,Beverages,745162.0,685115.0
2025-05,South,Confectionery,85858.0,89669.0
2025-05,South,Dairy,623266.3,582839.0
2025-05,South,MouthFreshener,809190.25,798370.0
2025-05,South,Snacks,225668.2,204923.0
2025-05,South,Spices,1163456.5,1269954.0
2025-05,West,Beverages,712087.8,716023.0
2025-05,West,Confectionery,93604.0,98646.0
2025-05,West,Dairy,672372.0,634416.0
2025-05,West,MouthFreshener,737087.0,731510.0
2025-05,West,Snacks,216280.85,201316.0
2025-05,West,Spices,1258255.5,1206231.0
2025-06,Central,Beverages,997019.15,999504.0
2025-06,Central,Confectionery,96290.8,88668.0
2025-06,Central,Dairy,608028.0,638180.0
2025-06,Central,MouthFreshener,862142.35,882860.0
2025-06,Central,Snacks,268052.92,293373.0
2025-06,Central,Spices,1297166.91,1185476.0
2025-06,East,Beverages,1266850.35,1295776.0
2025-06,East,Confectionery,130274.6,125118.0
2025-06,East,Dairy,845126.0,779206.0
2025-06,East,MouthFreshener,1062174.95,1207144.0
2025-06,East,Snacks,342788.3,355557.0
2025-06,East,Spices,1373406.32,1456367.0
2025-06,North,Beverages,840278.8,963729.0
2025-06,North,Confectionery,82632.8,90452.0
2025-06,North,Dairy,411601.0,462431.0
2025-06,North,MouthFreshener,756561.65,863308.0
2025-06,North,Snacks,178515.72,166171.0
2025-06,North,Spices,837312.87,758453.0
2025-06,South,Beverages,1103730.85,1232363.0
2025-06,South,Confectionery,102271.6,117099.0
2025-06,South,Dairy,712875.0,672094.0
2025-06,South,MouthFreshener,1062141.85,1174190.0
2025-06,South,Snacks,291765.95,306694.0
2025-06,South,Spices,1201548.46,1252507.0
2025-06,West,Beverages,1027234.2,1015458.0
2025-06,West,Confectionery,111865.0,119224.0
2025-06,West,Dairy,783427.0,739185.0
2025-06,West,MouthFreshener,957313.85,943919.0
2025-06,West,Snacks,273843.83,254272.0
2025-06,West,Spices,1284203.37,1206110.0
2025-07,Central,Beverages,792689.7,888908.0
2025-07,Central,Confectionery,73429.0,68717.0
2025-07,Central,Dairy,462879.0,499766.0
2025-07,Central,MouthFreshener,712365.98,771388.0
2025-07,Central,Snacks,218163.4,207828.0
2025-07,Central,Spices,858729.72,985019.0
2025-07,East,Beverages,1037325.2,1119237.0
2025-07,East,Confectionery,96932.0,87337.0
2025-07,East,Dairy,625656.0,601857.0
2025-07,East,MouthFreshener,870191.92,861879.0
2025-07,East,Snacks,284729.6,280387.0
2025-07,East,Spices,913115.75,934676.0
2025-07,North,Beverages,704044.9,684057.0
2025-07,North,Confectionery,62608.0,56635.0
2025-07,North,Dairy,323379.5,316734.0
2025-07,North,MouthFreshener,604468.02,586355.0
2025-07,North,Snacks,150226.52,171355.0
2025-07,North,Spices,557997.23,526229.0
2025-07,South,Beverages,907879.7,954052.0
2025-07,South,Confectionery,78273.0,84534.0
2025-07,South,Dairy,551309.0,576569.0
2025-07,South,MouthFreshener,871035.18,902734.0
2025-07,South,Snacks,239658.08,256280.0
2025-07,South,Spices,794420.21,883490.0
2025-07,West,Beverages,854638.7,892510.0
2025-07,West,Confectionery,85042.0,85608.0
2025-07,West,Dairy,590859.0,639628.0
2025-07,West,MouthFreshener,778619.18,834041.0
2025-07,West,Snacks,235146.28,246742.0
2025-07,West,Spices,879136.8,970043.0
2025-08,Central,Beverages,772682.92,755761.0
2025-08,Central,Confectionery,112774.26,119598.0
2025-08,Central,Dairy,428399.2,438931.0
2025-08,Central,MouthFreshener,1054145.04,1099841.0
2025-08,Central,Snacks,228972.84,250627.0
2025-08,Central,Spices,1049445.8,1003888.0
2025-08,East,Beverages,991973.64,1107504.0
2025-08,East,Confectionery,152077.6,174078.0
2025-08,East,Dairy,610869.8,556945.0
2025-08,East,MouthFreshener,1325148.4,1427984.0
2025-08,East,Snacks,305528.52,336609.0
2025-08,East,Spices,1095879.14,1136656.0
2025-08,North,Beverages,657325.9,608426.0
2025-08,North,Confectionery,98776.64,112411.0
2025-08,North,Dairy,305682.4,335056.0
2025-08,North,MouthFreshener,915679.48,1020328.0
2025-08,North,Snacks,156641.12,163991.0
2025-08,North,Spices,678424.24,679147.0
2025-08,South,Beverages,870716.58,819539.0
2025-08,South,Confectionery,121185.72,122025.0
2025-08,South,Dairy,510532.0,501898.0
2025-08,South,MouthFreshener,1274994.72,1151624.0
2025-08,South,Snacks,257805.32,236399.0
2025-08,South,Spices,945624.3,983238.0
2025-08,West,Beverages,803504.82,851103.0
2025-08,West,Confectionery,130061.7,137691.0
2025-08,West,Dairy,561868.2,622422.0
2025-08,West,MouthFreshener,1169848.4,1163602.0
2025-08,West,Snacks,244002.68,264210.0
2025-08,West,Spices,1078568.32,1052113.0
2025-09,Central,Beverages,914433.5,1002008.0
2025-09,Central,Confectionery,85766.91,90831.0
2025-09,Central,Dairy,511685.76,527182.0
2025-09,Central,MouthFreshener,855717.0,893573.0
2025-09,Central,Snacks,306942.1,343696.0
2025-09,Central,Spices,1046656.48,1045838.0
2025-09,East,Beverages,1138666.5,1106276.0
2025-09,East,Confectionery,117891.32,108402.0
2025-09,East,Dairy,728395.19,808511.0
2025-09,East,MouthFreshener,1055604.0,1003879.0
2025-09,East,Snacks,406738.0,403557.0
2025-09,East,Spices,1123912.6,1243236.0
2025-09,North,Beverages,776901.0,822473.0
2025-09,North,Confectionery,74201.72,80939.0
2025-09,North,Dairy,351334.6,321032.0
2025-09,North,MouthFreshener,739454.0,726992.0
2025-09,North,Snacks,214399.5,233570.0
2025-09,North,Spices,678490.16,663444.0
2025-09,South,Beverages,981033.0,968256.0
2025-09,South,Confectionery,92452.08,92153.0
2025-09,South,Dairy,607598.07,625290.0
2025-09,South,MouthFreshener,1049749.0,1063457.0
2025-09,South,Snacks,344762.34,345241.0
2025-09,South,Spices,1000189.2,926504.0
2025-09,West,Beverages,912170.5,1029469.0
2025-09,West,Confectionery,101836.67,109536.0
2025-09,West,Dairy,648564.05,666791.0
2025-09,West,MouthFreshener,948378.0,1045699.0
2025-09,West,Snacks,329596.92,349581.0
2025-09,West,Spices,1040874.56,1008627.0
2025-10,Central,Beverages,576665.0,570164.0
2025-10,Central,Confectionery,113822.34,112305.0
2025-10,Central,Dairy,402544.0,454025.0
2025-10,Central,MouthFreshener,1012265.92,1032220.0
2025-10,Central,Snacks,266488.0,305868.0
2025-10,Central,Spices,1291383.0,1417757.0
2025-10,East,Beverages,725721.24,763277.0
2025-10,East,Confectionery,152382.19,174657.0
2025-10,East,Dairy,566424.0,518442.0
2025-10,East,MouthFreshener,1237898.56,1233441.0
2025-10,East,Snacks,352284.2,321760.0
2025-10,East,Spices,1359281.85,1311925.0
2025-10,North,Beverages,486750.68,450412.0
2025-10,North,Confectionery,98312.02,89051.0
2025-10,North,Dairy,274394.0,302151.0
2025-10,North,MouthFreshener,880966.96,944562.0
2025-10,North,Snacks,176293.57,192074.0
2025-10,North,Spices,868256.25,967252.0
2025-10,South,Beverages,625363.28,651324.0
2025-10,South,Confectionery,118094.49,118496.0
2025-10,South,Dairy,473735.0,538682.0
2025-10,South,MouthFreshener,1236455.24,1358947.0
2025-10,South,Snacks,290070.7,291878.0
2025-10,South,Spices,1224019.7,1291230.0
2025-10,West,Beverages,605153.72,592429.0
2025-10,West,Confectionery,131153.85,133518.0
2025-10,West,Dairy,516335.0,549650.0
2025-10,West,MouthFreshener,1107340.32,1019225.0
2025-10,West,Snacks,274541.23,252127.0
2025-10,West,Spices,1324341.75,1262475.0
2025-11,Central,Beverages,435998.25,497219.0
2025-11,Central,Confectionery,94116.11,97336.0
2025-11,Central,Dairy,411585.25,371061.0
2025-11,Central,MouthFreshener,822006.84,924904.0
2025-11,Central,Snacks,272518.35,283736.0
2025-11,Central,Spices,1440485.35,1650502.0
2025-11,East,Beverages,544814.45,511024.0
2025-11,East,Confectionery,127763.73,115718.0
2025-11,East,Dairy,569966.45,617406.0
2025-11,East,MouthFreshener,982416.12,887765.0
2025-11,East,Snacks,347998.03,381473.0
2025-11,East,Spices,1520675.97,1484413.0
2025-11,North,Beverages,380302.6,360366.0
2025-11,North,Confectionery,81504.19,82442.0
2025-11,North,Dairy,285248.75,290401.0
2025-11,North,MouthFreshener,688880.68,620742.0
2025-11,North,Snacks,182855.06,193869.0
2025-11,North,Spices,938545.73,849447.0
2025-11,South,Beverages,490529.7,484066.0
2025-11,South,Confectionery,98943.33,94913.0
2025-11,South,Dairy,492604.6,532586.0
2025-11,South,MouthFreshener,984358.32,922776.0
2025-11,South,Snacks,298602.44,296969.0
2025-11,South,Spices,1351518.38,1392830.0
2025-11,West,Beverages,469036.5,423915.0
2025-11,West,Confectionery,110484.27,104526.0
2025-11,West,Dairy,520135.15,494521.0
2025-11,West,MouthFreshener,899684.16,1033641.0
2025-11,West,Snacks,285542.88,313137.0
2025-11,West,Spices,1420295.56,1600086.0
2025-12,Central,Beverages,444530.85,506566.0
2025-12,Central,Confectionery,116740.8,114885.0
2025-12,Central,Dairy,539304.16,594357.0
2025-12,Central,MouthFreshener,924635.5,884328.0
2025-12,Central,Snacks,330455.4,312552.0
2025-12,Central,Spices,2059083.56,2265522.0
2025-12,East,Beverages,552836.0,556697.0
2025-12,East,Confectionery,157529.0,150250.0
2025-12,East,Dairy,754121.32,810730.0
2025-12,East,MouthFreshener,1135946.0,1301829.0
2025-12,East,Snacks,435012.9,404078.0
2025-12,East,Spices,2167365.96,2162511.0
2025-12,North,Beverages,376246.45,359115.0
2025-12,North,Confectionery,103109.7,110392.0
2025-12,North,Dairy,362952.12,353066.0
2025-12,North,MouthFreshener,796074.0,771915.0
2025-12,North,Snacks,228825.55,243912.0
2025-12,North,Spices,1329501.72,1235692.0
2025-12,South,Beverages,477541.8,491957.0
2025-12,South,Confectionery,123390.2,112045.0
2025-12,South,Dairy,640371.0,598321.0
2025-12,South,MouthFreshener,1136816.5,1137767.0
2025-12,South,Snacks,368059.15,416323.0
2025-12,South,Spices,1913889.36,1751292.0
2025-12,West,Beverages,454680.95,461480.0
2025-12,West,Confectionery,138925.6,150123.0
2025-12,West,Dairy,696502.56,750767.0
2025-12,West,MouthFreshener,1043984.0,1125244.0
2025-12,West,Snacks,351354.95,324543.0
2025-12,West,Spices,2137076.96,2089646.0
2026-01,Central,Beverages,157966.0,172692.0
2026-01,Central,Confectionery,39801.0,43826.0
2026-01,Central,Dairy,217825.0,197376.0
2026-01,Central,MouthFreshener,287407.0,271389.0
2026-01,Central,Snacks,130279.0,147350.0
2026-01,Central,Spices,874800.0,961261.0
2026-01,East,Beverages,197269.0,219706.0
2026-01,East,Confectionery,54694.0,55244.0
2026-01,East,Dairy,322136.0,345682.0
2026-01,East,MouthFreshener,356148.0,372822.0
2026-01,East,Snacks,169396.0,156873.0
2026-01,East,Spices,921444.0,840842.0
2026-01,North,Beverages,134949.0,124926.0
2026-01,North,Confectionery,35230.0,34019.0
2026-01,North,Dairy,146589.0,157507.0
2026-01,North,MouthFreshener,248937.0,244431.0
2026-01,North,Snacks,88608.0,92278.0
2026-01,North,Spices,537633.0,526967.0
2026-01,South,Beverages,179083.0,204582.0
2026-01,South,Confectionery,42048.0,41188.0
2026-01,South,Dairy,271561.0,299086.0
2026-01,South,MouthFreshener,359557.0,394685.0
2026-01,South,Snacks,139813.0,159793.0
2026-01,South,Spices,824698.0,915579.0
2026-01,West,Beverages,165695.0,177009.0
2026-01,West,Confectionery,47261.0,50673.0
2026-01,West,Dairy,305156.0,343720.0
2026-01,West,MouthFreshener,328357.0,358265.0
2026-01,West,Snacks,137139.0,150150.0
2026-01,West,Spices,918991.0,910775.0
